algoritmo,distribucion,n,U,promedio_seg,desviacion_seg,throughput,memoria_kb
DialSort,uniforme,100000,1024,0.0072551,0.00128293,1.37834e+07,7264
RadixSort,uniforme,100000,1024,0.00127811,0.000132048,7.82404e+07,5112
std::sort,uniforme,100000,1024,0.00433638,5.52129e-05,2.30607e+07,5112
DialSort,casi-ordenado,100000,1024,0.00342314,0.000391176,2.9213e+07,7456
RadixSort,casi-ordenado,100000,1024,0.00155079,3.44493e-05,6.44833e+07,5112
std::sort,casi-ordenado,100000,1024,0.00089332,3.24009e-06,1.11942e+08,5112
DialSort,duplicados,100000,1024,0.00644871,0.000801464,1.5507e+07,7456
RadixSort,duplicados,100000,1024,0.00154998,5.50309e-05,6.45169e+07,4856
std::sort,duplicados,100000,1024,0.00261629,7.93363e-05,3.82221e+07,4464
DialSort,ascendente,100000,1024,0.00341909,0.000188846,2.92475e+07,7456
RadixSort,ascendente,100000,1024,0.00169342,6.95734e-05,5.90521e+07,4856
std::sort,ascendente,100000,1024,0.000769104,2.41774e-05,1.30021e+08,4464
DialSort,descendente,100000,1024,0.00297761,0.000587746,3.3584e+07,7456
RadixSort,descendente,100000,1024,0.00168649,0.000182813,5.92949e+07,7456
std::sort,descendente,100000,1024,0.00088351,8.25098e-05,1.13185e+08,7456
DialSort,uniforme,100000,65536,0.00953691,0.000450945,1.04856e+07,8968
RadixSort,uniforme,100000,65536,0.00126226,5.18935e-05,7.92231e+07,8968
std::sort,uniforme,100000,65536,0.00637131,0.000146985,1.56954e+07,8968
DialSort,casi-ordenado,100000,65536,0.00467996,0.000176704,2.13677e+07,8968
RadixSort,casi-ordenado,100000,65536,0.00143372,0.000120506,6.97484e+07,8968
std::sort,casi-ordenado,100000,65536,0.00192951,9.55147e-05,5.18266e+07,8968
DialSort,duplicados,100000,65536,0.0113133,0.00169464,8.83917e+06,7432
RadixSort,duplicados,100000,65536,0.00145504,6.9595e-05,6.87265e+07,4856
std::sort,duplicados,100000,65536,0.00377886,0.000119739,2.6463e+07,4856
DialSort,ascendente,100000,65536,0.00556617,3.76229e-05,1.79657e+07,4592
RadixSort,ascendente,100000,65536,0.0013002,3.46622e-05,7.69114e+07,4856
std::sort,ascendente,100000,65536,0.00113838,2.1362e-05,8.78441e+07,4856
DialSort,descendente,100000,65536,0.00520111,0.000661479,1.92267e+07,8968
RadixSort,descendente,100000,65536,0.00130648,5.65244e-05,7.65414e+07,8968
std::sort,descendente,100000,65536,0.00105107,3.21538e-05,9.51409e+07,8968
DialSort,uniforme,500000,1024,0.0684687,0.0127747,7.30261e+06,21520
RadixSort,uniforme,500000,1024,0.00653406,0.000398518,7.65221e+07,8208
std::sort,uniforme,500000,1024,0.0218616,0.0008727,2.28712e+07,8208
DialSort,casi-ordenado,500000,1024,0.0194141,0.000449859,2.57545e+07,21520
RadixSort,casi-ordenado,500000,1024,0.00843295,0.000283439,5.92912e+07,8208
std::sort,casi-ordenado,500000,1024,0.00458161,0.000199256,1.09132e+08,8208
DialSort,duplicados,500000,1024,0.0525599,0.00376687,9.51296e+06,21520
RadixSort,duplicados,500000,1024,0.00786406,7.3328e-05,6.35804e+07,7980
std::sort,duplicados,500000,1024,0.0134516,0.000226411,3.71703e+07,6032
DialSort,ascendente,500000,1024,0.0180391,0.000397448,2.77175e+07,21524
RadixSort,ascendente,500000,1024,0.0089245,5.8862e-05,5.60255e+07,7984
std::sort,ascendente,500000,1024,0.00382751,8.08421e-05,1.30633e+08,6032
DialSort,descendente,500000,1024,0.0152483,0.0017966,3.27905e+07,21524
RadixSort,descendente,500000,1024,0.00832206,8.18856e-05,6.00813e+07,21524
std::sort,descendente,500000,1024,0.00383793,2.47038e-05,1.30279e+08,21524
DialSort,uniforme,500000,65536,0.070731,0.00490981,7.06903e+06,23036
RadixSort,uniforme,500000,65536,0.00655811,4.3246e-05,7.62415e+07,17968
std::sort,uniforme,500000,65536,0.0325969,0.00037166,1.53389e+07,17968
DialSort,casi-ordenado,500000,65536,0.0248407,0.000902295,2.01283e+07,17048
RadixSort,casi-ordenado,500000,65536,0.00735521,0.000109237,6.79791e+07,11328
std::sort,casi-ordenado,500000,65536,0.00733786,0.000102972,6.81397e+07,11328
DialSort,duplicados,500000,65536,0.103678,0.0188409,4.82264e+06,7472
RadixSort,duplicados,500000,65536,0.00811795,7.69941e-05,6.15919e+07,7984
std::sort,duplicados,500000,65536,0.0182161,0.000107069,2.74483e+07,6032
DialSort,ascendente,500000,65536,0.0247758,0.000880042,2.0181e+07,6160
RadixSort,ascendente,500000,65536,0.0082411,0.0002817,6.06715e+07,7984
std::sort,ascendente,500000,65536,0.00663317,9.28543e-05,7.53788e+07,6032
DialSort,descendente,500000,65536,0.0210437,0.00218469,2.37601e+07,23036
RadixSort,descendente,500000,65536,0.00734833,0.000145602,6.80427e+07,23036
std::sort,descendente,500000,65536,0.00662209,4.4894e-05,7.55049e+07,23036
DialSort,uniforme,1000000,1024,0.170683,0.0163043,5.85883e+06,39100
RadixSort,uniforme,1000000,1024,0.013653,0.000773124,7.32441e+07,12116
std::sort,uniforme,1000000,1024,0.0431225,0.000291613,2.31897e+07,12116
DialSort,casi-ordenado,1000000,1024,0.0405694,0.000630448,2.46491e+07,39100
RadixSort,casi-ordenado,1000000,1024,0.0170134,0.000540243,5.87772e+07,12116
std::sort,casi-ordenado,1000000,1024,0.00929095,6.9825e-05,1.07632e+08,12116
DialSort,duplicados,1000000,1024,0.145086,0.0181332,6.89249e+06,39100
RadixSort,duplicados,1000000,1024,0.0156456,0.000113593,6.39158e+07,11892
std::sort,duplicados,1000000,1024,0.027081,0.000667942,3.69263e+07,7984
DialSort,ascendente,1000000,1024,0.036615,0.000961154,2.73112e+07,39100
RadixSort,ascendente,1000000,1024,0.0181754,0.000868563,5.50194e+07,11892
std::sort,ascendente,1000000,1024,0.00784183,3.80553e-05,1.27521e+08,7984
DialSort,descendente,1000000,1024,0.0310968,0.00345623,3.21577e+07,39100
RadixSort,descendente,1000000,1024,0.0170028,0.000426686,5.88139e+07,39100
std::sort,descendente,1000000,1024,0.00798713,7.98274e-05,1.25201e+08,39100
DialSort,uniforme,1000000,65536,0.201284,0.0174292,4.96811e+06,40612
RadixSort,uniforme,1000000,65536,0.0133014,0.000701847,7.518e+07,20608
std::sort,uniforme,1000000,65536,0.0655084,0.000836227,1.52652e+07,20608
DialSort,casi-ordenado,1000000,65536,0.0526159,0.000994704,1.90056e+07,20608
RadixSort,casi-ordenado,1000000,65536,0.0155086,0.000206525,6.44805e+07,20608
std::sort,casi-ordenado,1000000,65536,0.0136493,0.000148159,7.32638e+07,20608
DialSort,duplicados,1000000,65536,0.227723,0.0222507,4.3913e+06,19436
RadixSort,duplicados,1000000,65536,0.016393,0.000794889,6.10016e+07,11892
std::sort,duplicados,1000000,65536,0.0365326,0.000714596,2.73728e+07,7984
DialSort,ascendente,1000000,65536,0.0466113,0.000908269,2.1454e+07,8112
RadixSort,ascendente,1000000,65536,0.0167839,9.28931e-05,5.95808e+07,11892
std::sort,ascendente,1000000,65536,0.012182,0.000202758,8.20885e+07,7984
DialSort,descendente,1000000,65536,0.0426711,0.00375665,2.34351e+07,40612
RadixSort,descendente,1000000,65536,0.0154945,0.000263418,6.45389e+07,40612
std::sort,descendente,1000000,65536,0.0127228,0.00085006,7.8599e+07,40612
